spheres,threads,repeat,method,ms
2000,1,0,brute force,6.89
2000,1,0,spatial grid,0.62
2000,1,0,full frame,0.657
2000,1,1,brute force,5.51
2000,1,1,spatial grid,0.59
2000,1,1,full frame,0.633
2000,1,2,brute force,5.54
2000,1,2,spatial grid,0.58
2000,1,2,full frame,0.631
2000,2,0,brute force,4.23
2000,2,0,spatial grid,0.53
2000,2,0,full frame,0.684
2000,2,1,brute force,4.52
2000,2,1,spatial grid,0.55
2000,2,1,full frame,0.693
2000,2,2,brute force,4.36
2000,2,2,spatial grid,0.53
2000,2,2,full frame,0.715
2000,3,0,brute force,3.23
2000,3,0,spatial grid,0.44
2000,3,0,full frame,0.724
2000,3,1,brute force,3.22
2000,3,1,spatial grid,0.53
2000,3,1,full frame,0.708
2000,3,2,brute force,3.29
2000,3,2,spatial grid,0.43
2000,3,2,full frame,0.707
2000,4,0,brute force,2.77
2000,4,0,spatial grid,0.45
2000,4,0,full frame,0.792
2000,4,1,brute force,2.58
2000,4,1,spatial grid,0.41
2000,4,1,full frame,0.832
2000,4,2,brute force,2.69
2000,4,2,spatial grid,0.5
2000,4,2,full frame,0.823
2000,5,0,brute force,2.29
2000,5,0,spatial grid,0.53
2000,5,0,full frame,0.894
2000,5,1,brute force,2.63
2000,5,1,spatial grid,0.54
2000,5,1,full frame,0.895
2000,5,2,brute force,2.37
2000,5,2,spatial grid,0.48
2000,5,2,full frame,0.924
2000,6,0,brute force,1.87
2000,6,0,spatial grid,0.51
2000,6,0,full frame,0.956
2000,6,1,brute force,2.16
2000,6,1,spatial grid,0.47
2000,6,1,full frame,0.904
2000,6,2,brute force,2.03
2000,6,2,spatial grid,0.62
2000,6,2,full frame,0.921
2000,7,0,brute force,2.46
2000,7,0,spatial grid,0.57
2000,7,0,full frame,1.027
2000,7,1,brute force,2.35
2000,7,1,spatial grid,0.59
2000,7,1,full frame,0.996
2000,7,2,brute force,2.43
2000,7,2,spatial grid,0.64
2000,7,2,full frame,1.017
2000,8,0,brute force,1.73
2000,8,0,spatial grid,0.67
2000,8,0,full frame,1.117
2000,8,1,brute force,1.89
2000,8,1,spatial grid,0.62
2000,8,1,full frame,1.209
2000,8,2,brute force,1.74
2000,8,2,spatial grid,0.62
2000,8,2,full frame,1.115
2000,9,0,brute force,1.69
2000,9,0,spatial grid,0.78
2000,9,0,full frame,1.305
2000,9,1,brute force,1.76
2000,9,1,spatial grid,0.62
2000,9,1,full frame,1.275
2000,9,2,brute force,2.1
2000,9,2,spatial grid,0.66
2000,9,2,full frame,1.264
2000,10,0,brute force,1.67
2000,10,0,spatial grid,0.72
2000,10,0,full frame,1.408
2000,10,1,brute force,1.95
2000,10,1,spatial grid,0.68
2000,10,1,full frame,1.437
2000,10,2,brute force,1.51
2000,10,2,spatial grid,0.67
2000,10,2,full frame,1.486
2000,11,0,brute force,1.85
2000,11,0,spatial grid,0.73
2000,11,0,full frame,1.467
2000,11,1,brute force,1.83
2000,11,1,spatial grid,0.73
2000,11,1,full frame,1.467
2000,11,2,brute force,1.8
2000,11,2,spatial grid,0.78
2000,11,2,full frame,1.456
2000,12,0,brute force,1.28
2000,12,0,spatial grid,0.81
2000,12,0,full frame,1.525
2000,12,1,brute force,1.41
2000,12,1,spatial grid,0.71
2000,12,1,full frame,1.575
2000,12,2,brute force,1.63
2000,12,2,spatial grid,0.75
2000,12,2,full frame,1.545
2000,13,0,brute force,1.7
2000,13,0,spatial grid,0.78
2000,13,0,full frame,1.648
2000,13,1,brute force,2.15
2000,13,1,spatial grid,0.88
2000,13,1,full frame,1.698
2000,13,2,brute force,1.81
2000,13,2,spatial grid,0.82
2000,13,2,full frame,1.707
2000,14,0,brute force,1.79
2000,14,0,spatial grid,0.85
2000,14,0,full frame,1.81
2000,14,1,brute force,1.67
2000,14,1,spatial grid,0.98
2000,14,1,full frame,1.858
2000,14,2,brute force,1.64
2000,14,2,spatial grid,0.88
2000,14,2,full frame,1.781
2000,15,0,brute force,1.43
2000,15,0,spatial grid,0.97
2000,15,0,full frame,1.889
2000,15,1,brute force,1.57
2000,15,1,spatial grid,0.93
2000,15,1,full frame,1.819
2000,15,2,brute force,1.27
2000,15,2,spatial grid,0.89
2000,15,2,full frame,1.901
2000,16,0,brute force,1.55
2000,16,0,spatial grid,0.97
2000,16,0,full frame,1.891
2000,16,1,brute force,1.6
2000,16,1,spatial grid,0.93
2000,16,1,full frame,1.939
2000,16,2,brute force,2.21
2000,16,2,spatial grid,1.18
2000,16,2,full frame,1.967
10000,1,0,brute force,151.01
10000,1,0,spatial grid,4.7
10000,1,0,full frame,4.909
10000,1,1,brute force,171.88
10000,1,1,spatial grid,5.08
10000,1,1,full frame,5.041
10000,1,2,brute force,148.01
10000,1,2,spatial grid,4.61
10000,1,2,full frame,5.222
10000,2,0,brute force,122.49
10000,2,0,spatial grid,3.07
10000,2,0,full frame,3.185
10000,2,1,brute force,114.42
10000,2,1,spatial grid,2.61
10000,2,1,full frame,3.223
10000,2,2,brute force,105.91
10000,2,2,spatial grid,2.58
10000,2,2,full frame,3.214
10000,3,0,brute force,87.45
10000,3,0,spatial grid,2.23
10000,3,0,full frame,2.756
10000,3,1,brute force,83.3
10000,3,1,spatial grid,1.94
10000,3,1,full frame,2.669
10000,3,2,brute force,79.07
10000,3,2,spatial grid,1.99
10000,3,2,full frame,2.68
10000,4,0,brute force,67.46
10000,4,0,spatial grid,1.87
10000,4,0,full frame,2.379
10000,4,1,brute force,67.12
10000,4,1,spatial grid,1.57
10000,4,1,full frame,2.371
10000,4,2,brute force,61.31
10000,4,2,spatial grid,1.5
10000,4,2,full frame,2.34
10000,5,0,brute force,55.61
10000,5,0,spatial grid,1.5
10000,5,0,full frame,2.236
10000,5,1,brute force,63.94
10000,5,1,spatial grid,1.48
10000,5,1,full frame,2.386
10000,5,2,brute force,50.29
10000,5,2,spatial grid,1.44
10000,5,2,full frame,2.296
10000,6,0,brute force,54.16
10000,6,0,spatial grid,1.4
10000,6,0,full frame,2.252
10000,6,1,brute force,62.75
10000,6,1,spatial grid,1.3
10000,6,1,full frame,2.194
10000,6,2,brute force,51.67
10000,6,2,spatial grid,1.23
10000,6,2,full frame,2.279
10000,7,0,brute force,50.39
10000,7,0,spatial grid,1.44
10000,7,0,full frame,2.256
10000,7,1,brute force,37.42
10000,7,1,spatial grid,1.39
10000,7,1,full frame,2.218
10000,7,2,brute force,37.39
10000,7,2,spatial grid,1.29
10000,7,2,full frame,2.186
10000,8,0,brute force,45.03
10000,8,0,spatial grid,1.35
10000,8,0,full frame,2.261
10000,8,1,brute force,39.17
10000,8,1,spatial grid,1.25
10000,8,1,full frame,2.264
10000,8,2,brute force,50.48
10000,8,2,spatial grid,1.29
10000,8,2,full frame,2.271
10000,9,0,brute force,43.06
10000,9,0,spatial grid,1.35
10000,9,0,full frame,2.229
10000,9,1,brute force,44.69
10000,9,1,spatial grid,1.28
10000,9,1,full frame,2.463
10000,9,2,brute force,33.79
10000,9,2,spatial grid,1.17
10000,9,2,full frame,2.274
10000,10,0,brute force,40.49
10000,10,0,spatial grid,1.25
10000,10,0,full frame,2.329
10000,10,1,brute force,35.61
10000,10,1,spatial grid,1.19
10000,10,1,full frame,2.452
10000,10,2,brute force,39.6
10000,10,2,spatial grid,1.18
10000,10,2,full frame,2.28
10000,11,0,brute force,27.5
10000,11,0,spatial grid,1.18
10000,11,0,full frame,2.271
10000,11,1,brute force,30.52
10000,11,1,spatial grid,1.13
10000,11,1,full frame,2.255
10000,11,2,brute force,32.78
10000,11,2,spatial grid,1.13
10000,11,2,full frame,2.4
10000,12,0,brute force,27.06
10000,12,0,spatial grid,1.23
10000,12,0,full frame,2.327
10000,12,1,brute force,29.98
10000,12,1,spatial grid,1.34
10000,12,1,full frame,2.365
10000,12,2,brute force,25.5
10000,12,2,spatial grid,1.29
10000,12,2,full frame,2.352
10000,13,0,brute force,26.92
10000,13,0,spatial grid,1.38
10000,13,0,full frame,2.4
10000,13,1,brute force,30.22
10000,13,1,spatial grid,1.22
10000,13,1,full frame,2.391
10000,13,2,brute force,32.47
10000,13,2,spatial grid,1.24
10000,13,2,full frame,2.438
10000,14,0,brute force,29.08
10000,14,0,spatial grid,1.18
10000,14,0,full frame,2.458
10000,14,1,brute force,27.73
10000,14,1,spatial grid,1.22
10000,14,1,full frame,2.409
10000,14,2,brute force,27.5
10000,14,2,spatial grid,1.3
10000,14,2,full frame,2.494
10000,15,0,brute force,26.66
10000,15,0,spatial grid,1.31
10000,15,0,full frame,2.604
10000,15,1,brute force,27.89
10000,15,1,spatial grid,1.28
10000,15,1,full frame,2.57
10000,15,2,brute force,26.57
10000,15,2,spatial grid,1.29
10000,15,2,full frame,2.622
10000,16,0,brute force,27.49
10000,16,0,spatial grid,1.3
10000,16,0,full frame,2.676
10000,16,1,brute force,24.57
10000,16,1,spatial grid,1.22
10000,16,1,full frame,2.612
10000,16,2,brute force,24.51
10000,16,2,spatial grid,1.26
10000,16,2,full frame,2.649
